{"cameraMode":{"drawMode":0,"name":"Shaded","section":"Shading Mode"},"sceneLighting":false,"audioPlay":false,"sceneViewState":{"showFog":true,"showMaterialUpdate":true,"showSkybox":true,"showFlares":true,"showImageEffects":true,"showParticleSystems":true},"in2DMode":false,"pivot":{"x":-0.040000006556510928,"y":-62066.30859375,"z":-0.0351969450712204},"rotation":{"x":0.08524248003959656,"y":-0.9002763628959656,"z":0.2049235701560974,"w":0.3744896650314331},"size":37.125431060791019,"orthographic":true}